START TRANSACTION;
SET FOREIGN_KEY_CHECKS = 0;
TRUNCATE TABLE task_quiz_records;
TRUNCATE TABLE user_knowledge_stats;
TRUNCATE TABLE knowledge_relations;
TRUNCATE TABLE knowledge_vector_caches;
TRUNCATE TABLE knowledge_base_entries;
TRUNCATE TABLE knowledge_categories;
TRUNCATE TABLE team_requests;
TRUNCATE TABLE notifications;
TRUNCATE TABLE daily_study_stats;
TRUNCATE TABLE study_sessions;
TRUNCATE TABLE study_notes;
TRUNCATE TABLE points_ledgers;
TRUNCATE TABLE chat_messages;
TRUNCATE TABLE room_sessions;
TRUNCATE TABLE study_room_members;
TRUNCATE TABLE study_rooms;
TRUNCATE TABLE learning_records;
TRUNCATE TABLE task_status_histories;
TRUNCATE TABLE task_assignees;
TRUNCATE TABLE tasks;
TRUNCATE TABLE task_categories;
TRUNCATE TABLE team_members;
TRUNCATE TABLE teams;
TRUNCATE TABLE user_achievements;
TRUNCATE TABLE achievements;
TRUNCATE TABLE level_rules;
TRUNCATE TABLE user_badges;
TRUNCATE TABLE user_skills;
TRUNCATE TABLE user_achievement_progresses;
TRUNCATE TABLE user_settings;
TRUNCATE TABLE user_profiles;
TRUNCATE TABLE users;

SET FOREIGN_KEY_CHECKS = 1;

INSERT INTO users (id, account, email, phone, display_name, role, avatar_url, bio, status, password_hash, school, major, location, join_date, preferred_language, preferred_theme, created_at, updated_at) VALUES
(1, 'alice', 'alice@example.com', '13000000011', 'Alice', 0, 'https://placehold.co/96x96/14b8a6/ffffff.png?text=A', '产品与数据双修的学习者，偏爱晨间深度学习。', 1, '83cf7e374e83da2ee6ecdca58ad5b28ba38fce568bf9d2a1b9c7ae9cc1fe9e7c', '复旦大学', '计算机科学', '上海', '2026-01', 'zh-CN', 'light', '2026-01-01 08:30:00', '2026-01-20 09:20:00'),
(2, 'bob', 'bob@example.com', '13000000012', 'Bob', 0, 'https://placehold.co/96x96/f97316/ffffff.png?text=B', '喜欢晚间复盘，常驻自习室分享学习技巧。', 1, '493fdcb790e359a9f8bfae260cb8df12ab0c24853e13d4d9b6239c33d7b7258a', '同济大学', '工业设计', '上海', '2026-01', 'zh-CN', 'dark', '2026-01-01 08:35:00', '2026-01-20 09:25:00');

INSERT INTO user_profiles (id, user_id, total_points, level, total_study_mins, tasks_completed, tasks_in_progress, task_completion_rate, certificates_count, study_groups, rank_label, streak_days, courses_in_progress, next_level_points, created_at, updated_at) VALUES
(1, 1, 2450, 6, 6200, 28, 5, 88.5, 3, 2, 'TOP 10%', 19, 2, 2800, '2026-01-01 08:00:00', '2026-01-20 10:00:00'),
(2, 2, 1890, 5, 4500, 20, 6, 78.2, 2, 2, 'TOP 25%', 12, 3, 2000, '2026-01-01 08:00:00', '2026-01-20 10:00:00');

INSERT INTO user_settings (id, user_id, notify_email, notify_sms, notify_in_app, notify_summary, show_email, show_profile, show_study_data, daily_goal_minutes, preferred_period, focus_mode, created_at, updated_at) VALUES
(1, 1, 1, 0, 1, 1, 0, 1, 1, 120, 'morning', 1, '2026-01-01 08:00:00', '2026-01-20 10:00:00'),
(2, 2, 1, 0, 1, 1, 0, 1, 1, 90, 'evening', 0, '2026-01-01 08:00:00', '2026-01-20 10:00:00');

INSERT INTO user_achievement_progresses (id, user_id, task_created_count, task_completed_count, streak_days, study_room_join_count, study_room_duration_mins, study_room_night_mins, night_session_max_mins, study_room_chat_count, study_room_likes_given, study_room_likes_received, team_tasks_completed, night_study_mins, morning_study_mins, focus_mode_mins, created_at, updated_at) VALUES
(1, 1, 40, 28, 19, 25, 1800, 200, 90, 45, 20, 25, 8, 300, 800, 900, '2026-01-01 08:00:00', '2026-01-20 10:00:00'),
(2, 2, 35, 20, 12, 20, 1400, 400, 120, 55, 30, 28, 6, 500, 300, 400, '2026-01-01 08:00:00', '2026-01-20 10:00:00');

INSERT INTO user_skills (id, user_id, name, category, created_at, updated_at) VALUES
(1, 1, 'Golang', 'primary', '2026-01-01 08:00:00', '2026-01-20 10:00:00'),
(2, 1, 'Distributed Systems', 'secondary', '2026-01-01 08:00:00', '2026-01-20 10:00:00'),
(3, 2, 'Product Design', 'primary', '2026-01-01 08:00:00', '2026-01-20 10:00:00'),
(4, 2, 'User Research', 'secondary', '2026-01-01 08:00:00', '2026-01-20 10:00:00');

INSERT INTO user_badges (id, user_id, name, created_at, updated_at) VALUES
(1, 1, '早起之星', '2026-01-01 08:00:00', '2026-01-20 10:00:00'),
(2, 1, '代码猎手', '2026-01-01 08:00:00', '2026-01-20 10:00:00'),
(3, 2, '夜猫子', '2026-01-01 08:00:00', '2026-01-20 10:00:00'),
(4, 2, '设计达人', '2026-01-01 08:00:00', '2026-01-20 10:00:00');

INSERT INTO level_rules (id, level, min_points, badge, created_at, updated_at) VALUES
(1, 1, 0, '入门', '2026-01-01 08:00:00', '2026-01-01 08:00:00'),
(2, 2, 200, '进阶', '2026-01-01 08:00:00', '2026-01-01 08:00:00'),
(3, 3, 500, '熟练', '2026-01-01 08:00:00', '2026-01-01 08:00:00'),
(4, 4, 900, '达人', '2026-01-01 08:00:00', '2026-01-01 08:00:00'),
(5, 5, 1500, '专家', '2026-01-01 08:00:00', '2026-01-01 08:00:00'),
(6, 6, 2500, '大师', '2026-01-01 08:00:00', '2026-01-01 08:00:00');

INSERT INTO achievements (id, code, name, description, category, icon, `condition`) VALUES
(1, 'task_starter_5', '新手任务者', '完成 5 个任务', 'task_master_basic', 'mdi:target', '{"type":"task_total_completed","value":5}'),
(2, 'task_diligent_20', '勤奋执行者', '完成 20 个任务', 'task_master_basic', 'mdi:note-edit', '{"type":"task_total_completed","value":20}'),
(3, 'streak_7', '坚持 7 天', '连续完成全部任务 7 天', 'streak_basic', 'mdi:calendar-week', '{"type":"streak_task_completion","value":7}'),
(4, 'studyroom_first_join', '初入学习室', '第一次加入自习室', 'studyroom_participation', 'mdi:book-open-variant', '{"type":"studyroom_join_count","value":1}'),
(5, 'studyroom_focus_5h', '累计专注 5 小时', '自习室累计时长 5 小时', 'studyroom_duration', 'mdi:timer-sand', '{"type":"studyroom_duration_hours","value":5}'),
(6, 'team_joiner', '加入小队', '第一次参与团队任务', 'team_tasks', 'mdi:account-group', '{"type":"team_task_completed","value":1}');

INSERT INTO user_achievements (id, user_id, achievement_id, awarded_at, created_at, updated_at) VALUES
(1, 1, 1, '2026-01-05 10:00:00', '2026-01-05 10:00:00', '2026-01-05 10:00:00'),
(2, 1, 3, '2026-01-08 10:00:00', '2026-01-08 10:00:00', '2026-01-08 10:00:00'),
(3, 1, 4, '2026-01-02 08:00:00', '2026-01-02 08:00:00', '2026-01-02 08:00:00'),
(4, 2, 1, '2026-01-06 20:00:00', '2026-01-06 20:00:00', '2026-01-06 20:00:00'),
(5, 2, 6, '2026-01-04 15:00:00', '2026-01-04 15:00:00', '2026-01-04 15:00:00');

INSERT INTO teams (id, name, description, owner_user_id, visibility, created_at, updated_at) VALUES
(1, '星火共学组', '专注任务推进与学习分享的演示团队。', 1, 1, '2026-01-02 09:00:00', '2026-01-20 10:00:00'),
(2, '产品思维实验室', '探索用户体验与产品设计的实验小组。', 2, 1, '2026-01-03 14:00:00', '2026-01-20 10:00:00');

INSERT INTO team_members (id, team_id, user_id, role, joined_at, created_at, updated_at) VALUES
(1, 1, 1, 1, '2026-01-02 09:00:00', '2026-01-02 09:00:00', '2026-01-02 09:00:00'),
(2, 1, 2, 0, '2026-01-02 10:00:00', '2026-01-02 10:00:00', '2026-01-02 10:00:00'),
(3, 2, 2, 1, '2026-01-03 14:00:00', '2026-01-03 14:00:00', '2026-01-03 14:00:00'),
(4, 2, 1, 0, '2026-01-03 15:00:00', '2026-01-03 15:00:00', '2026-01-03 15:00:00');

INSERT INTO task_categories (id, name, color, created_at, updated_at) VALUES
(1, '算法刷题', '#10b981', '2026-01-01 08:00:00', '2026-01-01 08:00:00'),
(2, '论文阅读', '#6366f1', '2026-01-01 08:00:00', '2026-01-01 08:00:00'),
(3, '英语训练', '#f59e0b', '2026-01-01 08:00:00', '2026-01-01 08:00:00'),
(4, '团队项目', '#06b6d4', '2026-01-01 08:00:00', '2026-01-01 08:00:00'),
(5, '产品设计', '#ec4899', '2026-01-01 08:00:00', '2026-01-01 08:00:00');

INSERT INTO tasks (id, title, description, task_type, category_id, created_by, owner_user_id, owner_team_id, status, priority, start_at, due_at, completed_at, estimate_minutes, effort_points, progress, sort_order, parent_id, subtasks, comments, created_at, updated_at) VALUES
(1, '二叉树遍历专项训练', '完成前中后序与层序遍历题目，整理模板与易错点。', 1, 1, 1, 1, NULL, 2, 2, '2026-01-02 09:00:00', '2026-01-05 18:00:00', '2026-01-04 07:00:00', 2880, 2400, 100, 1, NULL, '[]', '[]', '2026-01-02 07:02:00', '2026-01-04 07:00:00'),
(2, '阅读 Attention Is All You Need', '通读论文并整理架构要点与实验结论。', 1, 2, 1, 1, NULL, 1, 2, '2026-01-06 09:00:00', '2026-01-11 18:00:00', NULL, 4320, 3600, 62, 2, NULL, '[]', '[]', '2026-01-06 08:26:00', '2026-01-07 15:00:00'),
(3, '动态规划基础题单', '完成 LeetCode 上的 DP 基础 10 题', 1, 1, 1, 1, NULL, 2, 2, '2026-01-03 09:00:00', '2026-01-06 18:00:00', '2026-01-04 06:00:00', 1440, 1200, 100, 3, NULL, '[]', '[]', '2026-01-03 08:26:00', '2026-01-04 06:00:00'),
(4, 'Transformer 源码解析', '阅读 HuggingFace 源码，理解实现细节', 1, 2, 1, 1, NULL, 0, 2, '2026-01-16 09:00:00', '2026-01-21 18:00:00', NULL, 2880, 2400, 0, 4, NULL, '[]', '[]', '2026-01-16 07:29:00', '2026-01-16 07:29:00'),
(5, '图论算法整理', '整理 Dijkstra 和 Floyd 算法模板', 1, 1, 1, 1, NULL, 1, 1, '2026-01-13 09:00:00', '2026-01-19 18:00:00', NULL, 2880, 2400, 72, 5, NULL, '[]', '[]', '2026-01-13 07:55:00', '2026-01-14 13:00:00'),
(6, 'BERT 论文精读', '对比 BERT 与 GPT 的区别', 1, 2, 1, 1, NULL, 2, 2, '2026-01-09 09:00:00', '2026-01-12 18:00:00', '2026-01-10 05:00:00', 1440, 1200, 100, 6, NULL, '[]', '[]', '2026-01-09 07:08:00', '2026-01-10 05:00:00'),
(7, '团队：学习看板后端接口', '实现看板所需的所有 API', 2, 4, 1, 1, 1, 2, 2, '2026-01-04 09:00:00', '2026-01-09 18:00:00', '2026-01-07 04:00:00', 4320, 3600, 100, 7, NULL, '[]', '[]', '2026-01-04 07:43:00', '2026-01-07 04:00:00'),
(8, '团队：数据库设计优化', '根据新需求调整 User 表结构', 2, 4, 1, 1, 1, 1, 2, '2026-01-19 09:00:00', '2026-01-21 18:00:00', NULL, 1440, 1200, 72, 8, NULL, '[]', '[]', '2026-01-19 07:16:00', '2026-01-19 11:00:00'),
(9, 'LeetCode 周赛复盘', '复盘第 380 场周赛', 1, 1, 1, 1, NULL, 0, 1, '2026-01-20 09:00:00', '2026-01-21 18:00:00', NULL, 300, 250, 0, 9, NULL, '[]', '[]', '2026-01-20 08:06:00', '2026-01-20 08:06:00'),
(10, 'Golang 并发编程实战', '完成 Channels 和 Goroutines 的练习', 1, 1, 1, 1, NULL, 2, 1, '2026-01-05 09:00:00', '2026-01-08 18:00:00', '2026-01-06 20:00:00', 2160, 1800, 100, 10, NULL, '[]', '[]', '2026-01-05 08:02:00', '2026-01-06 20:00:00'),
(11, 'Redis 缓存策略学习', '学习 LRU, LFU 等淘汰策略', 1, 1, 1, 1, NULL, 0, 1, '2026-01-17 09:00:00', '2026-01-20 18:00:00', NULL, 1440, 1200, 0, 11, NULL, '[]', '[]', '2026-01-17 07:20:00', '2026-01-17 07:20:00'),
(12, 'Kafka 原理探究', '理解消息队列的 Offset 和 Partition', 1, 1, 1, 1, NULL, 0, 1, '2026-01-18 09:00:00', '2026-01-22 18:00:00', NULL, 1440, 1200, 0, 12, NULL, '[]', '[]', '2026-01-18 07:08:00', '2026-01-18 07:08:00'),
(13, '团队：API 文档撰写', '使用 Swagger 编写接口文档', 2, 4, 1, 1, 1, 2, 1, '2026-01-10 09:00:00', '2026-01-13 18:00:00', '2026-01-11 07:00:00', 1440, 1200, 100, 13, NULL, '[]', '[]', '2026-01-10 07:38:00', '2026-01-11 07:00:00'),
(14, '英语：计算机词汇积累', '背诵 50 个专业词汇', 1, 3, 1, 1, NULL, 2, 0, '2026-01-03 09:00:00', '2026-01-04 18:00:00', '2026-01-03 09:00:00', 300, 250, 100, 14, NULL, '[]', '[]', '2026-01-03 08:24:00', '2026-01-03 09:00:00'),
(15, '每日英语阅读打卡', '阅读 TechCrunch 文章一篇', 1, 3, 1, 1, NULL, 1, 0, '2026-01-20 09:00:00', '2026-01-20 18:00:00', NULL, 60, 50, 61, 15, NULL, '[]', '[]', '2026-01-20 07:19:00', '2026-01-20 10:00:00'),
(16, '英语听力训练 30 分钟', '精听一段 podcast 并整理生词。', 1, 3, 2, 2, NULL, 2, 1, '2026-01-03 09:00:00', '2026-01-04 18:00:00', '2026-01-03 08:00:00', 120, 100, 100, 16, NULL, '[]', '[]', '2026-01-03 07:17:00', '2026-01-03 08:00:00'),
(17, '团队：演示脚本与彩排', '整理演示流程并完成一次演练。', 2, 4, 2, 2, 1, 2, 2, '2026-01-11 09:00:00', '2026-01-13 18:00:00', '2026-01-12 08:00:00', 1440, 1200, 100, 17, NULL, '[]', '[]', '2026-01-11 08:14:00', '2026-01-12 08:00:00'),
(18, '用户体验地图绘制', '为新产品绘制详细的 Journey Map', 1, 5, 2, 2, NULL, 1, 2, '2026-01-16 09:00:00', '2026-01-21 18:00:00', NULL, 4320, 3600, 69, 18, NULL, '[]', '[]', '2026-01-16 08:15:00', '2026-01-17 03:00:00'),
(19, 'Figma 组件库搭建', '建立基础 Button, Input 组件', 1, 5, 2, 2, NULL, 2, 2, '2026-01-05 09:00:00', '2026-01-09 18:00:00', '2026-01-07 08:00:00', 2880, 2400, 100, 19, NULL, '[]', '[]', '2026-01-05 07:57:00', '2026-01-07 08:00:00'),
(20, '竞品分析报告', '分析市场上 Top 3 的同类产品', 1, 5, 2, 2, NULL, 2, 2, '2026-01-02 09:00:00', '2026-01-06 18:00:00', '2026-01-05 04:00:00', 4320, 3600, 100, 20, NULL, '[]', '[]', '2026-01-02 07:42:00', '2026-01-05 04:00:00'),
(21, '团队：产品原型 V1.0', '输出高保真原型图', 2, 5, 2, 2, 2, 2, 2, '2026-01-06 09:00:00', '2026-01-13 18:00:00', '2026-01-10 04:00:00', 5760, 4800, 100, 21, NULL, '[]', '[]', '2026-01-06 07:16:00', '2026-01-10 04:00:00'),
(22, '团队：用户访谈问卷', '设计 20 个访谈问题', 2, 5, 2, 2, 2, 1, 1, '2026-01-14 09:00:00', '2026-01-16 18:00:00', NULL, 1440, 1200, 80, 22, NULL, '[]', '[]', '2026-01-14 08:04:00', '2026-01-14 12:00:00'),
(23, '英语口语跟读', 'Shadowing 练习 20 分钟', 1, 3, 2, 2, NULL, 0, 1, '2026-01-20 09:00:00', '2026-01-20 18:00:00', NULL, 60, 50, 0, 23, NULL, '[]', '[]', '2026-01-20 07:59:00', '2026-01-20 07:59:00'),
(24, '设计心理学读书笔记', '阅读《设计心理学》第一章', 1, 5, 2, 2, NULL, 2, 1, '2026-01-07 09:00:00', '2026-01-08 18:00:00', '2026-01-07 12:00:00', 300, 250, 100, 24, NULL, '[]', '[]', '2026-01-07 07:53:00', '2026-01-07 12:00:00'),
(25, '色彩理论研究', '整理 2026 流行色盘', 1, 5, 2, 2, NULL, 0, 1, '2026-01-19 09:00:00', '2026-01-23 18:00:00', NULL, 600, 500, 0, 25, NULL, '[]', '[]', '2026-01-19 07:56:00', '2026-01-19 07:56:00'),
(26, '团队：可用性测试计划', '制定第一轮可用性测试方案', 2, 5, 2, 2, 2, 0, 2, '2026-01-20 09:00:00', '2026-01-26 18:00:00', NULL, 2880, 2400, 0, 26, NULL, '[]', '[]', '2026-01-20 07:04:00', '2026-01-20 07:04:00'),
(27, '雅思写作练习', '完成一篇 Task 1 作文', 1, 3, 2, 2, NULL, 1, 2, '2026-01-18 09:00:00', '2026-01-20 18:00:00', NULL, 180, 150, 19, 27, NULL, '[]', '[]', '2026-01-18 07:29:00', '2026-01-18 12:00:00'),
(28, 'Material Design 规范学习', '通读 Material 3 文档', 1, 5, 2, 2, NULL, 2, 1, '2026-01-09 09:00:00', '2026-01-11 18:00:00', '2026-01-10 05:00:00', 1440, 1200, 100, 28, NULL, '[]', '[]', '2026-01-09 08:05:00', '2026-01-10 05:00:00'),
(29, '交互动效设计', '使用 Protopie 制作加载动画', 1, 5, 2, 2, NULL, 0, 1, '2026-01-21 09:00:00', '2026-01-23 18:00:00', NULL, 300, 250, 0, 29, NULL, '[]', '[]', '2026-01-21 07:50:00', '2026-01-21 07:50:00'),
(30, '团队：Logo 设计方案', '提供 3 版 Logo 方案', 2, 5, 2, 2, 2, 2, 2, '2026-01-05 09:00:00', '2026-01-07 18:00:00', '2026-01-06 04:00:00', 1440, 1200, 100, 30, NULL, '[]', '[]', '2026-01-05 07:45:00', '2026-01-06 04:00:00'),
(31, '设计灵感收集', '浏览 Pinterest 收集 50 张参考图', 1, 5, 2, 2, NULL, 2, 0, '2026-01-02 09:00:00', '2026-01-03 18:00:00', '2026-01-02 11:00:00', 300, 250, 100, 31, NULL, '[]', '[]', '2026-01-02 07:56:00', '2026-01-02 11:00:00'),
(32, '前端基础了解', '学习 HTML/CSS 基础盒子模型', 1, 1, 2, 2, NULL, 1, 0, '2026-01-15 09:00:00', '2026-01-21 18:00:00', NULL, 1440, 1200, 35, 32, NULL, '[]', '[]', '2026-01-15 07:31:00', '2026-01-15 23:00:00');

INSERT INTO task_assignees (id, task_id, user_id, is_owner, status, progress, created_at, updated_at) VALUES
(1, 1, 1, True, 2, 100, '2026-01-02 07:02:00', '2026-01-04 07:00:00'),
(2, 2, 1, True, 1, 62, '2026-01-06 08:26:00', '2026-01-07 15:00:00'),
(3, 3, 1, True, 2, 100, '2026-01-03 08:26:00', '2026-01-04 06:00:00'),
(4, 4, 1, True, 0, 0, '2026-01-16 07:29:00', '2026-01-16 07:29:00'),
(5, 5, 1, True, 1, 72, '2026-01-13 07:55:00', '2026-01-14 13:00:00'),
(6, 6, 1, True, 2, 100, '2026-01-09 07:08:00', '2026-01-10 05:00:00'),
(7, 7, 1, True, 2, 100, '2026-01-04 07:43:00', '2026-01-07 04:00:00'),
(8, 8, 1, True, 1, 72, '2026-01-19 07:16:00', '2026-01-19 11:00:00'),
(9, 9, 1, True, 0, 0, '2026-01-20 08:06:00', '2026-01-20 08:06:00'),
(10, 10, 1, True, 2, 100, '2026-01-05 08:02:00', '2026-01-06 20:00:00'),
(11, 11, 1, True, 0, 0, '2026-01-17 07:20:00', '2026-01-17 07:20:00'),
(12, 12, 1, True, 0, 0, '2026-01-18 07:08:00', '2026-01-18 07:08:00'),
(13, 13, 1, True, 2, 100, '2026-01-10 07:38:00', '2026-01-11 07:00:00'),
(14, 14, 1, True, 2, 100, '2026-01-03 08:24:00', '2026-01-03 09:00:00'),
(15, 15, 1, True, 1, 61, '2026-01-20 07:19:00', '2026-01-20 10:00:00'),
(16, 16, 2, True, 2, 100, '2026-01-03 07:17:00', '2026-01-03 08:00:00'),
(17, 17, 2, True, 2, 100, '2026-01-11 08:14:00', '2026-01-12 08:00:00'),
(18, 18, 2, True, 1, 69, '2026-01-16 08:15:00', '2026-01-17 03:00:00'),
(19, 19, 2, True, 2, 100, '2026-01-05 07:57:00', '2026-01-07 08:00:00'),
(20, 20, 2, True, 2, 100, '2026-01-02 07:42:00', '2026-01-05 04:00:00'),
(21, 21, 2, True, 2, 100, '2026-01-06 07:16:00', '2026-01-10 04:00:00'),
(22, 22, 2, True, 1, 80, '2026-01-14 08:04:00', '2026-01-14 12:00:00'),
(23, 23, 2, True, 0, 0, '2026-01-20 07:59:00', '2026-01-20 07:59:00'),
(24, 24, 2, True, 2, 100, '2026-01-07 07:53:00', '2026-01-07 12:00:00'),
(25, 25, 2, True, 0, 0, '2026-01-19 07:56:00', '2026-01-19 07:56:00'),
(26, 26, 2, True, 0, 0, '2026-01-20 07:04:00', '2026-01-20 07:04:00'),
(27, 27, 2, True, 1, 19, '2026-01-18 07:29:00', '2026-01-18 12:00:00'),
(28, 28, 2, True, 2, 100, '2026-01-09 08:05:00', '2026-01-10 05:00:00'),
(29, 29, 2, True, 0, 0, '2026-01-21 07:50:00', '2026-01-21 07:50:00'),
(30, 30, 2, True, 2, 100, '2026-01-05 07:45:00', '2026-01-06 04:00:00'),
(31, 31, 2, True, 2, 100, '2026-01-02 07:56:00', '2026-01-02 11:00:00'),
(32, 32, 2, True, 1, 35, '2026-01-15 07:31:00', '2026-01-15 23:00:00');

INSERT INTO task_status_histories (id, task_id, user_id, from_status, to_status, remark, created_at, updated_at) VALUES
(1, 1, 1, 0, 0, '创建任务', '2026-01-02 07:02:00', '2026-01-02 07:02:00'),
(1001, 1, 1, 0, 1, '开始任务', '2026-01-02 09:10:00', '2026-01-02 09:10:00'),
(2001, 1, 1, 1, 2, '完成任务', '2026-01-04 07:00:00', '2026-01-04 07:00:00'),
(2, 2, 1, 0, 0, '创建任务', '2026-01-06 08:26:00', '2026-01-06 08:26:00'),
(1002, 2, 1, 0, 1, '开始任务', '2026-01-06 09:10:00', '2026-01-06 09:10:00'),
(3, 3, 1, 0, 0, '创建任务', '2026-01-03 08:26:00', '2026-01-03 08:26:00'),
(1003, 3, 1, 0, 1, '开始任务', '2026-01-03 09:10:00', '2026-01-03 09:10:00'),
(2003, 3, 1, 1, 2, '完成任务', '2026-01-04 06:00:00', '2026-01-04 06:00:00'),
(4, 4, 1, 0, 0, '创建任务', '2026-01-16 07:29:00', '2026-01-16 07:29:00'),
(5, 5, 1, 0, 0, '创建任务', '2026-01-13 07:55:00', '2026-01-13 07:55:00'),
(1005, 5, 1, 0, 1, '开始任务', '2026-01-13 09:10:00', '2026-01-13 09:10:00'),
(6, 6, 1, 0, 0, '创建任务', '2026-01-09 07:08:00', '2026-01-09 07:08:00'),
(1006, 6, 1, 0, 1, '开始任务', '2026-01-09 09:10:00', '2026-01-09 09:10:00'),
(2006, 6, 1, 1, 2, '完成任务', '2026-01-10 05:00:00', '2026-01-10 05:00:00'),
(7, 7, 1, 0, 0, '创建任务', '2026-01-04 07:43:00', '2026-01-04 07:43:00'),
(1007, 7, 1, 0, 1, '开始任务', '2026-01-04 09:10:00', '2026-01-04 09:10:00'),
(2007, 7, 1, 1, 2, '完成任务', '2026-01-07 04:00:00', '2026-01-07 04:00:00'),
(8, 8, 1, 0, 0, '创建任务', '2026-01-19 07:16:00', '2026-01-19 07:16:00'),
(1008, 8, 1, 0, 1, '开始任务', '2026-01-19 09:10:00', '2026-01-19 09:10:00'),
(9, 9, 1, 0, 0, '创建任务', '2026-01-20 08:06:00', '2026-01-20 08:06:00'),
(10, 10, 1, 0, 0, '创建任务', '2026-01-05 08:02:00', '2026-01-05 08:02:00'),
(1010, 10, 1, 0, 1, '开始任务', '2026-01-05 09:10:00', '2026-01-05 09:10:00'),
(2010, 10, 1, 1, 2, '完成任务', '2026-01-06 20:00:00', '2026-01-06 20:00:00'),
(11, 11, 1, 0, 0, '创建任务', '2026-01-17 07:20:00', '2026-01-17 07:20:00'),
(12, 12, 1, 0, 0, '创建任务', '2026-01-18 07:08:00', '2026-01-18 07:08:00'),
(13, 13, 1, 0, 0, '创建任务', '2026-01-10 07:38:00', '2026-01-10 07:38:00'),
(1013, 13, 1, 0, 1, '开始任务', '2026-01-10 09:10:00', '2026-01-10 09:10:00'),
(2013, 13, 1, 1, 2, '完成任务', '2026-01-11 07:00:00', '2026-01-11 07:00:00'),
(14, 14, 1, 0, 0, '创建任务', '2026-01-03 08:24:00', '2026-01-03 08:24:00'),
(1014, 14, 1, 0, 1, '开始任务', '2026-01-03 09:10:00', '2026-01-03 09:10:00'),
(2014, 14, 1, 1, 2, '完成任务', '2026-01-03 09:00:00', '2026-01-03 09:00:00'),
(15, 15, 1, 0, 0, '创建任务', '2026-01-20 07:19:00', '2026-01-20 07:19:00'),
(1015, 15, 1, 0, 1, '开始任务', '2026-01-20 09:10:00', '2026-01-20 09:10:00'),
(16, 16, 2, 0, 0, '创建任务', '2026-01-03 07:17:00', '2026-01-03 07:17:00'),
(1016, 16, 2, 0, 1, '开始任务', '2026-01-03 09:10:00', '2026-01-03 09:10:00'),
(2016, 16, 2, 1, 2, '完成任务', '2026-01-03 08:00:00', '2026-01-03 08:00:00'),
(17, 17, 2, 0, 0, '创建任务', '2026-01-11 08:14:00', '2026-01-11 08:14:00'),
(1017, 17, 2, 0, 1, '开始任务', '2026-01-11 09:10:00', '2026-01-11 09:10:00'),
(2017, 17, 2, 1, 2, '完成任务', '2026-01-12 08:00:00', '2026-01-12 08:00:00'),
(18, 18, 2, 0, 0, '创建任务', '2026-01-16 08:15:00', '2026-01-16 08:15:00'),
(1018, 18, 2, 0, 1, '开始任务', '2026-01-16 09:10:00', '2026-01-16 09:10:00'),
(19, 19, 2, 0, 0, '创建任务', '2026-01-05 07:57:00', '2026-01-05 07:57:00'),
(1019, 19, 2, 0, 1, '开始任务', '2026-01-05 09:10:00', '2026-01-05 09:10:00'),
(2019, 19, 2, 1, 2, '完成任务', '2026-01-07 08:00:00', '2026-01-07 08:00:00'),
(20, 20, 2, 0, 0, '创建任务', '2026-01-02 07:42:00', '2026-01-02 07:42:00'),
(1020, 20, 2, 0, 1, '开始任务', '2026-01-02 09:10:00', '2026-01-02 09:10:00'),
(2020, 20, 2, 1, 2, '完成任务', '2026-01-05 04:00:00', '2026-01-05 04:00:00'),
(21, 21, 2, 0, 0, '创建任务', '2026-01-06 07:16:00', '2026-01-06 07:16:00'),
(1021, 21, 2, 0, 1, '开始任务', '2026-01-06 09:10:00', '2026-01-06 09:10:00'),
(2021, 21, 2, 1, 2, '完成任务', '2026-01-10 04:00:00', '2026-01-10 04:00:00'),
(22, 22, 2, 0, 0, '创建任务', '2026-01-14 08:04:00', '2026-01-14 08:04:00'),
(1022, 22, 2, 0, 1, '开始任务', '2026-01-14 09:10:00', '2026-01-14 09:10:00'),
(23, 23, 2, 0, 0, '创建任务', '2026-01-20 07:59:00', '2026-01-20 07:59:00'),
(24, 24, 2, 0, 0, '创建任务', '2026-01-07 07:53:00', '2026-01-07 07:53:00'),
(1024, 24, 2, 0, 1, '开始任务', '2026-01-07 09:10:00', '2026-01-07 09:10:00'),
(2024, 24, 2, 1, 2, '完成任务', '2026-01-07 12:00:00', '2026-01-07 12:00:00'),
(25, 25, 2, 0, 0, '创建任务', '2026-01-19 07:56:00', '2026-01-19 07:56:00'),
(26, 26, 2, 0, 0, '创建任务', '2026-01-20 07:04:00', '2026-01-20 07:04:00'),
(27, 27, 2, 0, 0, '创建任务', '2026-01-18 07:29:00', '2026-01-18 07:29:00'),
(1027, 27, 2, 0, 1, '开始任务', '2026-01-18 09:10:00', '2026-01-18 09:10:00'),
(28, 28, 2, 0, 0, '创建任务', '2026-01-09 08:05:00', '2026-01-09 08:05:00'),
(1028, 28, 2, 0, 1, '开始任务', '2026-01-09 09:10:00', '2026-01-09 09:10:00'),
(2028, 28, 2, 1, 2, '完成任务', '2026-01-10 05:00:00', '2026-01-10 05:00:00'),
(29, 29, 2, 0, 0, '创建任务', '2026-01-21 07:50:00', '2026-01-21 07:50:00'),
(30, 30, 2, 0, 0, '创建任务', '2026-01-05 07:45:00', '2026-01-05 07:45:00'),
(1030, 30, 2, 0, 1, '开始任务', '2026-01-05 09:10:00', '2026-01-05 09:10:00'),
(2030, 30, 2, 1, 2, '完成任务', '2026-01-06 04:00:00', '2026-01-06 04:00:00'),
(31, 31, 2, 0, 0, '创建任务', '2026-01-02 07:56:00', '2026-01-02 07:56:00'),
(1031, 31, 2, 0, 1, '开始任务', '2026-01-02 09:10:00', '2026-01-02 09:10:00'),
(2031, 31, 2, 1, 2, '完成任务', '2026-01-02 11:00:00', '2026-01-02 11:00:00'),
(32, 32, 2, 0, 0, '创建任务', '2026-01-15 07:31:00', '2026-01-15 07:31:00'),
(1032, 32, 2, 0, 1, '开始任务', '2026-01-15 09:10:00', '2026-01-15 09:10:00');

INSERT INTO learning_records (id, task_id, user_id, session_start, session_end, duration_minutes, note, created_at, updated_at) VALUES
(1, 1, 1, '2026-01-02 10:00:00', '2026-01-02 10:45:00', 45, '针对 二叉树遍历专项训练 的专注学习', '2026-01-02 10:45:00', '2026-01-02 10:45:00'),
(2, 2, 1, '2026-01-06 10:00:00', '2026-01-06 10:45:00', 45, '针对 阅读 Attention Is All You Need 的专注学习', '2026-01-06 10:45:00', '2026-01-06 10:45:00'),
(3, 3, 1, '2026-01-03 10:00:00', '2026-01-03 10:45:00', 45, '针对 动态规划基础题单 的专注学习', '2026-01-03 10:45:00', '2026-01-03 10:45:00'),
(5, 5, 1, '2026-01-13 10:00:00', '2026-01-13 10:45:00', 45, '针对 图论算法整理 的专注学习', '2026-01-13 10:45:00', '2026-01-13 10:45:00'),
(6, 6, 1, '2026-01-09 10:00:00', '2026-01-09 10:45:00', 45, '针对 BERT 论文精读 的专注学习', '2026-01-09 10:45:00', '2026-01-09 10:45:00'),
(7, 7, 1, '2026-01-04 10:00:00', '2026-01-04 10:45:00', 45, '针对 团队：学习看板后端接口 的专注学习', '2026-01-04 10:45:00', '2026-01-04 10:45:00'),
(8, 8, 1, '2026-01-19 10:00:00', '2026-01-19 10:45:00', 45, '针对 团队：数据库设计优化 的专注学习', '2026-01-19 10:45:00', '2026-01-19 10:45:00'),
(10, 10, 1, '2026-01-05 10:00:00', '2026-01-05 10:45:00', 45, '针对 Golang 并发编程实战 的专注学习', '2026-01-05 10:45:00', '2026-01-05 10:45:00'),
(13, 13, 1, '2026-01-10 10:00:00', '2026-01-10 10:45:00', 45, '针对 团队：API 文档撰写 的专注学习', '2026-01-10 10:45:00', '2026-01-10 10:45:00'),
(14, 14, 1, '2026-01-03 10:00:00', '2026-01-03 10:45:00', 45, '针对 英语：计算机词汇积累 的专注学习', '2026-01-03 10:45:00', '2026-01-03 10:45:00'),
(16, 16, 2, '2026-01-03 10:00:00', '2026-01-03 10:45:00', 45, '针对 英语听力训练 30 分钟 的专注学习', '2026-01-03 10:45:00', '2026-01-03 10:45:00'),
(17, 17, 2, '2026-01-11 10:00:00', '2026-01-11 10:45:00', 45, '针对 团队：演示脚本与彩排 的专注学习', '2026-01-11 10:45:00', '2026-01-11 10:45:00'),
(18, 18, 2, '2026-01-16 10:00:00', '2026-01-16 10:45:00', 45, '针对 用户体验地图绘制 的专注学习', '2026-01-16 10:45:00', '2026-01-16 10:45:00'),
(19, 19, 2, '2026-01-05 10:00:00', '2026-01-05 10:45:00', 45, '针对 Figma 组件库搭建 的专注学习', '2026-01-05 10:45:00', '2026-01-05 10:45:00'),
(20, 20, 2, '2026-01-02 10:00:00', '2026-01-02 10:45:00', 45, '针对 竞品分析报告 的专注学习', '2026-01-02 10:45:00', '2026-01-02 10:45:00'),
(21, 21, 2, '2026-01-06 10:00:00', '2026-01-06 10:45:00', 45, '针对 团队：产品原型 V1.0 的专注学习', '2026-01-06 10:45:00', '2026-01-06 10:45:00'),
(22, 22, 2, '2026-01-14 10:00:00', '2026-01-14 10:45:00', 45, '针对 团队：用户访谈问卷 的专注学习', '2026-01-14 10:45:00', '2026-01-14 10:45:00'),
(24, 24, 2, '2026-01-07 10:00:00', '2026-01-07 10:45:00', 45, '针对 设计心理学读书笔记 的专注学习', '2026-01-07 10:45:00', '2026-01-07 10:45:00'),
(27, 27, 2, '2026-01-18 10:00:00', '2026-01-18 10:45:00', 45, '针对 雅思写作练习 的专注学习', '2026-01-18 10:45:00', '2026-01-18 10:45:00'),
(28, 28, 2, '2026-01-09 10:00:00', '2026-01-09 10:45:00', 45, '针对 Material Design 规范学习 的专注学习', '2026-01-09 10:45:00', '2026-01-09 10:45:00'),
(30, 30, 2, '2026-01-05 10:00:00', '2026-01-05 10:45:00', 45, '针对 团队：Logo 设计方案 的专注学习', '2026-01-05 10:45:00', '2026-01-05 10:45:00'),
(31, 31, 2, '2026-01-02 10:00:00', '2026-01-02 10:45:00', 45, '针对 设计灵感收集 的专注学习', '2026-01-02 10:45:00', '2026-01-02 10:45:00'),
(32, 32, 2, '2026-01-15 10:00:00', '2026-01-15 10:45:00', 45, '针对 前端基础了解 的专注学习', '2026-01-15 10:45:00', '2026-01-15 10:45:00');

INSERT INTO study_rooms (id, name, owner_user_id, team_id, description, tags, max_members, is_private, access_code, status, last_session_started, focus_minutes_today, created_at, updated_at) VALUES
(1, '晨光自习室', 1, 1, '早间 90 分钟专注冲刺房', '早起,深度学习', 12, 0, '', 1, '2026-01-20 07:40:00', 180, '2026-01-02 07:00:00', '2026-01-20 07:40:00'),
(2, '夜猫冲刺房', 2, NULL, '夜间复盘与听力训练小队', '夜间,冲刺', 8, 1, 'fc43d6e470ece96b89b44238a4ec86f8427b18895231174c0683ee0f9400d2ca', 1, '2026-01-19 22:10:00', 120, '2026-01-03 21:30:00', '2026-01-19 22:10:00'),
(3, '产品思维碰撞', 2, 2, 'Team 2 专属讨论室', '产品,设计', 10, 0, '', 1, '2026-01-18 15:00:00', 90, '2026-01-05 10:00:00', '2026-01-18 15:00:00');

INSERT INTO study_room_members (id, room_id, user_id, role, joined_at, created_at, updated_at) VALUES
(1, 1, 1, 1, '2026-01-02 07:00:00', '2026-01-02 07:00:00', '2026-01-02 07:00:00'),
(2, 1, 2, 0, '2026-01-03 07:10:00', '2026-01-03 07:10:00', '2026-01-03 07:10:00'),
(3, 2, 2, 1, '2026-01-03 21:30:00', '2026-01-03 21:30:00', '2026-01-03 21:30:00'),
(4, 2, 1, 0, '2026-01-05 21:00:00', '2026-01-05 21:00:00', '2026-01-05 21:00:00'),
(5, 3, 2, 1, '2026-01-05 10:00:00', '2026-01-05 10:00:00', '2026-01-05 10:00:00'),
(6, 3, 1, 0, '2026-01-06 10:00:00', '2026-01-06 10:00:00', '2026-01-06 10:00:00');

INSERT INTO room_sessions (id, room_id, started_by, start_time, end_time, topic, created_at, updated_at) VALUES
(1, 1, 1, '2026-01-20 07:40:00', '2026-01-20 09:10:00', '晨间论文阅读与总结', '2026-01-20 07:40:00', '2026-01-20 09:10:00'),
(2, 1, 2, '2026-01-18 07:50:00', '2026-01-18 09:00:00', '任务看板协作冲刺', '2026-01-18 07:50:00', '2026-01-18 09:00:00'),
(3, 2, 2, '2026-01-19 22:10:00', '2026-01-19 23:30:00', '夜间英语听力', '2026-01-19 22:10:00', '2026-01-19 23:30:00'),
(4, 3, 2, '2026-01-18 15:00:00', '2026-01-18 16:30:00', '用户体验地图评审', '2026-01-18 15:00:00', '2026-01-18 16:30:00');

INSERT INTO chat_messages (id, session_id, room_id, user_id, content, msg_type, sent_at, created_at, updated_at) VALUES
(1, 1, 1, 1, '大家早，今天目标是把 Attention 论文收尾。', 0, '2026-01-08 07:42:00', '2026-01-08 07:42:00', '2026-01-08 07:42:00'),
(2, 1, 1, 2, '早！我在做产品原型的交互细节。', 0, '2026-01-08 07:45:00', '2026-01-08 07:45:00', '2026-01-08 07:45:00'),
(3, 1, 1, 1, '昨天的算法题太难了，今天得复盘一下。', 0, '2026-01-08 07:50:00', '2026-01-08 07:50:00', '2026-01-08 07:50:00'),
(4, 1, 1, 2, '加油，我先把 Material Design 的规范过一遍。', 0, '2026-01-08 07:52:00', '2026-01-08 07:52:00', '2026-01-08 07:52:00'),
(5, 1, 1, 1, '对了，下午团队会议记得参加。', 0, '2026-01-08 08:10:00', '2026-01-08 08:10:00', '2026-01-08 08:10:00'),
(6, 1, 1, 2, '收到，已经设置提醒了。', 0, '2026-01-08 08:11:00', '2026-01-08 08:11:00', '2026-01-08 08:11:00'),
(7, 1, 1, 1, '注意力机制的 QKV 矩阵运算还是有点绕。', 0, '2026-01-08 08:25:00', '2026-01-08 08:25:00', '2026-01-08 08:25:00'),
(8, 1, 1, 2, '可以画图辅助理解，我之前看那个视频讲得不错。', 0, '2026-01-08 08:28:00', '2026-01-08 08:28:00', '2026-01-08 08:28:00'),
(9, 1, 1, 1, '推给我看看？', 0, '2026-01-08 08:30:00', '2026-01-08 08:30:00', '2026-01-08 08:30:00'),
(10, 1, 1, 2, '链接发你了 -> [Link]', 0, '2026-01-08 08:32:00', '2026-01-08 08:32:00', '2026-01-08 08:32:00'),
(11, 1, 1, 1, 'Nice，这个图解很清晰。', 0, '2026-01-08 08:40:00', '2026-01-08 08:40:00', '2026-01-08 08:40:00'),
(12, 1, 1, 2, '我这边原型搞定一个版本了，求拍砖。', 0, '2026-01-08 09:00:00', '2026-01-08 09:00:00', '2026-01-08 09:00:00'),
(13, 1, 1, 1, '等我这组专注结束就看。', 0, '2026-01-08 09:02:00', '2026-01-08 09:02:00', '2026-01-08 09:02:00'),
(14, 2, 1, 2, '今天重点搞定看板的 CSS。', 0, '2026-01-10 07:51:00', '2026-01-10 07:51:00', '2026-01-10 07:51:00'),
(15, 2, 1, 1, '后端接口已经部署了，你可以联调。', 0, '2026-01-10 07:55:00', '2026-01-10 07:55:00', '2026-01-10 07:55:00'),
(16, 2, 1, 2, '收到，遇到跨域问题再找你。', 0, '2026-01-10 07:58:00', '2026-01-10 07:58:00', '2026-01-10 07:58:00'),
(17, 2, 1, 1, 'Redis 缓存我也加上了，速度应该会快很多。', 0, '2026-01-10 08:10:00', '2026-01-10 08:10:00', '2026-01-10 08:10:00'),
(18, 2, 1, 2, '太强了，前端这边加载速度确实起飞。', 0, '2026-01-10 08:30:00', '2026-01-10 08:30:00', '2026-01-10 08:30:00'),
(19, 2, 1, 1, '保持这个节奏，这周能上线演示版。', 0, '2026-01-10 08:50:00', '2026-01-10 08:50:00', '2026-01-10 08:50:00'),
(20, 3, 2, 2, '夜间模式开启，听力磨耳朵。', 0, '2026-01-11 22:11:00', '2026-01-11 22:11:00', '2026-01-11 22:11:00'),
(21, 3, 2, 1, '我在整理今天的错题，顺便陪跑。', 0, '2026-01-11 22:15:00', '2026-01-11 22:15:00', '2026-01-11 22:15:00'),
(22, 3, 2, 2, '这篇 Podcast 语速好快，1.2倍速有点吃力。', 0, '2026-01-11 22:25:00', '2026-01-11 22:25:00', '2026-01-11 22:25:00'),
(23, 3, 2, 1, '先降回 1.0 吧，听懂为主。', 0, '2026-01-11 22:28:00', '2026-01-11 22:28:00', '2026-01-11 22:28:00'),
(24, 3, 2, 2, '嗯，生词好多，记不过来了。', 0, '2026-01-11 22:40:00', '2026-01-11 22:40:00', '2026-01-11 22:40:00'),
(25, 3, 2, 1, '我也发现几个 Golang 的坑，记录一下。', 0, '2026-01-11 22:55:00', '2026-01-11 22:55:00', '2026-01-11 22:55:00'),
(26, 3, 2, 2, '困了，再坚持 20 分钟。', 0, '2026-01-11 23:10:00', '2026-01-11 23:10:00', '2026-01-11 23:10:00'),
(27, 3, 2, 1, '我也差不多了，最后整理下笔记。', 0, '2026-01-11 23:15:00', '2026-01-11 23:15:00', '2026-01-11 23:15:00'),
(28, 3, 2, 2, '晚安，明天见。', 0, '2026-01-11 23:25:00', '2026-01-11 23:25:00', '2026-01-11 23:25:00'),
(29, 3, 2, 1, '晚安。', 0, '2026-01-11 23:26:00', '2026-01-11 23:26:00', '2026-01-11 23:26:00'),
(30, 4, 3, 2, '大家都到了吗？开始过一下体验地图。', 0, '2026-01-10 15:02:00', '2026-01-10 15:02:00', '2026-01-10 15:02:00'),
(31, 4, 3, 1, '在了，屏幕已共享。', 0, '2026-01-10 15:03:00', '2026-01-10 15:03:00', '2026-01-10 15:03:00'),
(32, 4, 3, 2, '这里 User Journey 的情绪曲线是不是太平了？', 0, '2026-01-10 15:10:00', '2026-01-10 15:10:00', '2026-01-10 15:10:00'),
(33, 4, 3, 1, '确实，痛点挖掘还不够深。', 0, '2026-01-10 15:12:00', '2026-01-10 15:12:00', '2026-01-10 15:12:00'),
(34, 4, 3, 2, '我们可以加一个“寻找功能入口”的挫折点。', 0, '2026-01-10 15:15:00', '2026-01-10 15:15:00', '2026-01-10 15:15:00'),
(35, 4, 3, 1, '同意，这里确实容易迷路。', 0, '2026-01-10 15:16:00', '2026-01-10 15:16:00', '2026-01-10 15:16:00'),
(36, 4, 3, 2, '竞品 A 的处理方式是直接放首页。', 0, '2026-01-10 15:25:00', '2026-01-10 15:25:00', '2026-01-10 15:25:00'),
(37, 4, 3, 1, '但那样首页太乱了，我们得做减法。', 0, '2026-01-10 15:28:00', '2026-01-10 15:28:00', '2026-01-10 15:28:00'),
(38, 4, 3, 2, '折中一下，放二级菜单但加引导？', 0, '2026-01-10 15:35:00', '2026-01-10 15:35:00', '2026-01-10 15:35:00'),
(39, 4, 3, 1, '可以尝试，做个 A/B 测试方案吧。', 0, '2026-01-10 15:38:00', '2026-01-10 15:38:00', '2026-01-10 15:38:00'),
(40, 4, 3, 2, '好的，记下来了。', 0, '2026-01-10 15:40:00', '2026-01-10 15:40:00', '2026-01-10 15:40:00'),
(41, 4, 3, 1, '色彩方面，目前的蓝色有点冷。', 0, '2026-01-10 15:50:00', '2026-01-10 15:50:00', '2026-01-10 15:50:00'),
(42, 4, 3, 2, '那我调暖一点，加点紫调？', 0, '2026-01-10 15:52:00', '2026-01-10 15:52:00', '2026-01-10 15:52:00'),
(43, 4, 3, 1, '试试看，符合“实验室”的科技感就行。', 0, '2026-01-10 15:55:00', '2026-01-10 15:55:00', '2026-01-10 15:55:00'),
(44, 4, 3, 2, 'Logo 的几个方案我也发群里了。', 0, '2026-01-10 16:05:00', '2026-01-10 16:05:00', '2026-01-10 16:05:00'),
(45, 4, 3, 1, '喜欢第二个，简洁有力。', 0, '2026-01-10 16:08:00', '2026-01-10 16:08:00', '2026-01-10 16:08:00'),
(46, 4, 3, 2, '英雄所见略同！', 0, '2026-01-10 16:10:00', '2026-01-10 16:10:00', '2026-01-10 16:10:00'),
(47, 4, 3, 1, '那就定这个方向细化。', 0, '2026-01-10 16:20:00', '2026-01-10 16:20:00', '2026-01-10 16:20:00'),
(48, 4, 3, 2, '今天的讨论很高效，散会！', 0, '2026-01-10 16:28:00', '2026-01-10 16:28:00', '2026-01-10 16:28:00'),
(49, 4, 3, 1, '辛苦啦。', 0, '2026-01-18 16:29:00', '2026-01-18 16:29:00', '2026-01-18 16:29:00'),
(50, 1, 1, 2, '对了，周末有空吗？一起去图书馆？', 0, '2026-01-18 16:40:00', '2026-01-18 16:40:00', '2026-01-18 16:40:00'),
(51, 1, 1, 1, '可以啊，周六早上？', 0, '2026-01-18 16:45:00', '2026-01-18 16:45:00', '2026-01-18 16:45:00'),
(52, 1, 1, 2, '没问题，占座靠你了。', 0, '2026-01-18 16:50:00', '2026-01-18 16:50:00', '2026-01-18 16:50:00'),
(53, 1, 1, 1, '包在我身上。', 0, '2026-01-18 16:52:00', '2026-01-18 16:52:00', '2026-01-18 16:52:00'),
(54, 1, 1, 2, '想喝瑞幸，给你带一杯？', 0, '2026-01-18 16:55:00', '2026-01-18 16:55:00', '2026-01-18 16:55:00'),
(55, 1, 1, 1, '生椰拿铁，少冰不糖，谢啦！', 0, '2026-01-18 16:58:00', '2026-01-18 16:58:00', '2026-01-18 16:58:00'),
(56, 3, 2, 2, '突然想到一个点子，明天细说。', 0, '2026-01-19 23:05:00', '2026-01-19 23:05:00', '2026-01-19 23:05:00'),
(57, 3, 2, 1, '别吊胃口啊...', 0, '2026-01-19 23:06:00', '2026-01-19 23:06:00', '2026-01-19 23:06:00'),
(58, 3, 2, 2, '哈哈，关于 gamification 的。', 0, '2026-01-19 23:08:00', '2026-01-19 23:08:00', '2026-01-19 23:08:00'),
(59, 3, 2, 1, '好吧，明天自习室见。', 0, '2026-01-19 23:10:00', '2026-01-19 23:10:00', '2026-01-19 23:10:00');

INSERT INTO study_notes (id, user_id, task_id, title, content, created_at, updated_at) VALUES
(1, 1, 1, '二叉树遍历专项训练 - 学习笔记', '关于 二叉树遍历专项训练 的重点整理：
1. 核心概念...
2. 实践中的问题...
3. 解决方案...', '2026-01-02 11:00:00', '2026-01-02 11:00:00'),
(3, 1, 3, '动态规划基础题单 - 学习笔记', '关于 动态规划基础题单 的重点整理：
1. 核心概念...
2. 实践中的问题...
3. 解决方案...', '2026-01-03 11:00:00', '2026-01-03 11:00:00'),
(7, 1, 7, '团队：学习看板后端接口 - 学习笔记', '关于 团队：学习看板后端接口 的重点整理：
1. 核心概念...
2. 实践中的问题...
3. 解决方案...', '2026-01-04 11:00:00', '2026-01-04 11:00:00'),
(8, 1, 8, '团队：数据库设计优化 - 学习笔记', '关于 团队：数据库设计优化 的重点整理：
1. 核心概念...
2. 实践中的问题...
3. 解决方案...', '2026-01-19 11:00:00', '2026-01-19 11:00:00'),
(13, 1, 13, '团队：API 文档撰写 - 学习笔记', '关于 团队：API 文档撰写 的重点整理：
1. 核心概念...
2. 实践中的问题...
3. 解决方案...', '2026-01-10 11:00:00', '2026-01-10 11:00:00'),
(14, 1, 14, '英语：计算机词汇积累 - 学习笔记', '关于 英语：计算机词汇积累 的重点整理：
1. 核心概念...
2. 实践中的问题...
3. 解决方案...', '2026-01-03 11:00:00', '2026-01-03 11:00:00'),
(18, 2, 18, '用户体验地图绘制 - 学习笔记', '关于 用户体验地图绘制 的重点整理：
1. 核心概念...
2. 实践中的问题...
3. 解决方案...', '2026-01-16 11:00:00', '2026-01-16 11:00:00'),
(22, 2, 22, '团队：用户访谈问卷 - 学习笔记', '关于 团队：用户访谈问卷 的重点整理：
1. 核心概念...
2. 实践中的问题...
3. 解决方案...', '2026-01-14 11:00:00', '2026-01-14 11:00:00'),
(31, 2, 31, '设计灵感收集 - 学习笔记', '关于 设计灵感收集 的重点整理：
1. 核心概念...
2. 实践中的问题...
3. 解决方案...', '2026-01-02 11:00:00', '2026-01-02 11:00:00');
